,Unnamed: 0,名称,カテゴリー,アドレス,アクセス,築年数,構造,階数,家賃,管理費,敷金,礼金,間取り,面積,URL,沿線,駅,徒歩
0,0,PASEO目黒,賃貸マンション,東京都目黒区下目黒２,東急目黒線/武蔵小山駅 歩21分,4.0,4階建,4階,11.9,1.0,0.0,0.0,ワンルーム,24.4,https://suumo.jp/chintai/jnc_000076002819/,東急目黒線,武蔵小山駅,21
1,1,PASEO目黒,賃貸マンション,東京都目黒区下目黒２,東急目黒線/武蔵小山駅 歩21分,4.0,4階建,4階,18.3,0.0,0.0,0.0,2DK,40.75,https://suumo.jp/chintai/jnc_000086717111/,東急目黒線,武蔵小山駅,21
2,2,PASEO目黒,賃貸マンション,東京都目黒区下目黒２,東急目黒線/武蔵小山駅 歩21分,4.0,4階建,4階,18.3,1.2,0.0,0.0,1LDK,40.75,https://suumo.jp/chintai/jnc_000085963153/,東急目黒線,武蔵小山駅,21
3,3,PASEO目黒,賃貸マンション,東京都目黒区下目黒２,東急目黒線/武蔵小山駅 歩21分,4.0,4階建,1階,19.7,1.2,0.0,0.0,1SLDK,45.66,https://suumo.jp/chintai/jnc_000086509846/,東急目黒線,武蔵小山駅,21
4,4,PASEO目黒,賃貸マンション,東京都目黒区下目黒２,東急目黒線/武蔵小山駅 歩21分,4.0,4階建,1階,20.2,1.2,0.0,0.0,2LDK,45.66,https://suumo.jp/chintai/jnc_000076540745/,東急目黒線,武蔵小山駅,21
5,5,東急東横線 学芸大学駅 2階建 築2年,賃貸アパート,東京都目黒区五本木３,東急東横線/学芸大学駅 歩7分,2.0,2階建,2階,18.0,0.3,0.0,18.0,2LDK,58.03,https://suumo.jp/chintai/jnc_000086747277/,東急東横線,学芸大学駅,7
6,6,東急東横線 学芸大学駅 2階建 築2年,賃貸アパート,東京都目黒区五本木３,東急東横線/祐天寺駅 歩13分,2.0,2階建,2階,18.0,0.3,0.0,18.0,2LDK,58.03,https://suumo.jp/chintai/jnc_000086747277/,東急東横線,祐天寺駅,13
7,7,東急東横線 学芸大学駅 2階建 築2年,賃貸アパート,東京都目黒区五本木３,東急田園都市線/三軒茶屋駅 歩26分,2.0,2階建,2階,18.0,0.3,0.0,18.0,2LDK,58.03,https://suumo.jp/chintai/jnc_000086747277/,東急田園都市線,三軒茶屋駅,26
8,8,LIBR GRANT 都立大学,賃貸マンション,東京都目黒区中根２,東急東横線/都立大学駅 歩7分,4.0,3階建,3階,25.4,1.5,25.4,25.4,2LDK,51.44,https://suumo.jp/chintai/jnc_000086509862/,東急東横線,都立大学駅,7
9,9,LIBR GRANT 都立大学,賃貸マンション,東京都目黒区中根２,東急東横線/自由が丘駅 歩15分,4.0,3階建,3階,25.4,1.5,25.4,25.4,2LDK,51.44,https://suumo.jp/chintai/jnc_000086509862/,東急東横線,自由が丘駅,15
10,10,LIBR GRANT 都立大学,賃貸マンション,東京都目黒区中根２,東急大井町線/緑が丘駅 歩15分,4.0,3階建,3階,25.4,1.5,25.4,25.4,2LDK,51.44,https://suumo.jp/chintai/jnc_000086509862/,東急大井町線,緑が丘駅,15
11,11,NTPRレジデンス鷹番,賃貸マンション,東京都目黒区鷹番１,東急東横線/学芸大学駅 歩9分,15.0,4階建,1階,12.8,0.0,12.8,12.8,ワンルーム,35.91,https://suumo.jp/chintai/jnc_000047500337/,東急東横線,学芸大学駅,9
12,12,NTPRレジデンス鷹番,賃貸マンション,東京都目黒区鷹番１,東急東横線/学芸大学駅 歩9分,15.0,4階建,1階,12.8,1.0,12.8,0.0,ワンルーム,35.91,https://suumo.jp/chintai/jnc_000083411095/,東急東横線,学芸大学駅,9
13,13,NTPRレジデンス鷹番,賃貸マンション,東京都目黒区鷹番１,東急東横線/学芸大学駅 歩9分,15.0,4階建,2階,12.9,1.0,12.9,12.9,ワンルーム,35.91,https://suumo.jp/chintai/jnc_000085040197/,東急東横線,学芸大学駅,9
14,14,NTPRレジデンス鷹番,賃貸マンション,東京都目黒区鷹番１,東急東横線/学芸大学駅 歩9分,15.0,4階建,2階,18.6,0.0,18.6,18.6,1LDK,44.37,https://suumo.jp/chintai/jnc_000086659452/,東急東横線,学芸大学駅,9
15,15,NTPRレジデンス鷹番,賃貸マンション,東京都目黒区鷹番１,東急東横線/学芸大学駅 歩9分,15.0,4階建,3-4階,25.5,0.0,25.5,25.5,2LDK,77.01,https://suumo.jp/chintai/jnc_000083411096/,東急東横線,学芸大学駅,9
16,16,NTPRレジデンス鷹番,賃貸マンション,東京都目黒区鷹番１,東急東横線/学芸大学駅 歩9分,15.0,4階建,3階,26.0,0.0,26.0,26.0,2LDK,77.01,https://suumo.jp/chintai/jnc_000086655184/,東急東横線,学芸大学駅,9
18,18,NTPRレジデンス鷹番,賃貸マンション,東京都目黒区鷹番１,東急東横線/学芸大学駅 歩9分,15.0,4階建,3-4階,26.5,0.0,26.5,26.5,2LDK,82.47,https://suumo.jp/chintai/jnc_000084401017/,東急東横線,学芸大学駅,9
19,19,NTPRレジデンス鷹番,賃貸マンション,東京都目黒区鷹番１,東急東横線/学芸大学駅 歩9分,15.0,4階建,3階,26.5,0.0,26.5,26.5,2SLDK,82.47,https://suumo.jp/chintai/jnc_000084395306/,東急東横線,学芸大学駅,9
20,20,NTPRレジデンス鷹番,賃貸マンション,東京都目黒区鷹番１,東急東横線/都立大学駅 歩21分,15.0,4階建,1階,12.8,0.0,12.8,12.8,ワンルーム,35.91,https://suumo.jp/chintai/jnc_000047500337/,東急東横線,都立大学駅,21
21,21,NTPRレジデンス鷹番,賃貸マンション,東京都目黒区鷹番１,東急東横線/都立大学駅 歩21分,15.0,4階建,1階,12.8,1.0,12.8,0.0,ワンルーム,35.91,https://suumo.jp/chintai/jnc_000083411095/,東急東横線,都立大学駅,21
22,22,NTPRレジデンス鷹番,賃貸マンション,東京都目黒区鷹番１,東急東横線/都立大学駅 歩21分,15.0,4階建,2階,12.9,1.0,12.9,12.9,ワンルーム,35.91,https://suumo.jp/chintai/jnc_000085040197/,東急東横線,都立大学駅,21
23,23,NTPRレジデンス鷹番,賃貸マンション,東京都目黒区鷹番１,東急東横線/都立大学駅 歩21分,15.0,4階建,2階,18.6,0.0,18.6,18.6,1LDK,44.37,https://suumo.jp/chintai/jnc_000086659452/,東急東横線,都立大学駅,21
24,24,NTPRレジデンス鷹番,賃貸マンション,東京都目黒区鷹番１,東急東横線/都立大学駅 歩21分,15.0,4階建,3-4階,25.5,0.0,25.5,25.5,2LDK,77.01,https://suumo.jp/chintai/jnc_000083411096/,東急東横線,都立大学駅,21
25,25,NTPRレジデンス鷹番,賃貸マンション,東京都目黒区鷹番１,東急東横線/都立大学駅 歩21分,15.0,4階建,3階,26.0,0.0,26.0,26.0,2LDK,77.01,https://suumo.jp/chintai/jnc_000086655184/,東急東横線,都立大学駅,21
27,27,NTPRレジデンス鷹番,賃貸マンション,東京都目黒区鷹番１,東急東横線/都立大学駅 歩21分,15.0,4階建,3-4階,26.5,0.0,26.5,26.5,2LDK,82.47,https://suumo.jp/chintai/jnc_000084401017/,東急東横線,都立大学駅,21
28,28,NTPRレジデンス鷹番,賃貸マンション,東京都目黒区鷹番１,東急東横線/都立大学駅 歩21分,15.0,4階建,3階,26.5,0.0,26.5,26.5,2SLDK,82.47,https://suumo.jp/chintai/jnc_000084395306/,東急東横線,都立大学駅,21
29,29,NTPRレジデンス鷹番,賃貸マンション,東京都目黒区鷹番１,ＪＲ山手線/目黒駅 バス17分 (バス停)田向公園 歩2分,15.0,4階建,1階,12.8,0.0,12.8,12.8,ワンルーム,35.91,https://suumo.jp/chintai/jnc_000047500337/,ＪＲ山手線,目黒駅,17
30,30,NTPRレジデンス鷹番,賃貸マンション,東京都目黒区鷹番１,ＪＲ山手線/目黒駅 バス17分 (バス停)田向公園 歩2分,15.0,4階建,1階,12.8,1.0,12.8,0.0,ワンルーム,35.91,https://suumo.jp/chintai/jnc_000083411095/,ＪＲ山手線,目黒駅,17
31,31,NTPRレジデンス鷹番,賃貸マンション,東京都目黒区鷹番１,ＪＲ山手線/目黒駅 バス17分 (バス停)田向公園 歩2分,15.0,4階建,2階,12.9,1.0,12.9,12.9,ワンルーム,35.91,https://suumo.jp/chintai/jnc_000085040197/,ＪＲ山手線,目黒駅,17
32,32,NTPRレジデンス鷹番,賃貸マンション,東京都目黒区鷹番１,ＪＲ山手線/目黒駅 バス17分 (バス停)田向公園 歩2分,15.0,4階建,2階,18.6,0.0,18.6,18.6,1LDK,44.37,https://suumo.jp/chintai/jnc_000086659452/,ＪＲ山手線,目黒駅,17
33,33,NTPRレジデンス鷹番,賃貸マンション,東京都目黒区鷹番１,ＪＲ山手線/目黒駅 バス17分 (バス停)田向公園 歩2分,15.0,4階建,3-4階,25.5,0.0,25.5,25.5,2LDK,77.01,https://suumo.jp/chintai/jnc_000083411096/,ＪＲ山手線,目黒駅,17
34,34,NTPRレジデンス鷹番,賃貸マンション,東京都目黒区鷹番１,ＪＲ山手線/目黒駅 バス17分 (バス停)田向公園 歩2分,15.0,4階建,3階,26.0,0.0,26.0,26.0,2LDK,77.01,https://suumo.jp/chintai/jnc_000086655184/,ＪＲ山手線,目黒駅,17
36,36,NTPRレジデンス鷹番,賃貸マンション,東京都目黒区鷹番１,ＪＲ山手線/目黒駅 バス17分 (バス停)田向公園 歩2分,15.0,4階建,3-4階,26.5,0.0,26.5,26.5,2LDK,82.47,https://suumo.jp/chintai/jnc_000084401017/,ＪＲ山手線,目黒駅,17
37,37,NTPRレジデンス鷹番,賃貸マンション,東京都目黒区鷹番１,ＪＲ山手線/目黒駅 バス17分 (バス停)田向公園 歩2分,15.0,4階建,3階,26.5,0.0,26.5,26.5,2SLDK,82.47,https://suumo.jp/chintai/jnc_000084395306/,ＪＲ山手線,目黒駅,17
38,38,ザ パークハビオ神泉,賃貸マンション,東京都目黒区駒場１,京王井の頭線/神泉駅 歩7分,3.0,7階建,1階,11.8,1.0,11.8,0.0,1K,26.47,https://suumo.jp/chintai/jnc_000086731742/,京王井の頭線,神泉駅,7
39,39,ザ パークハビオ神泉,賃貸マンション,東京都目黒区駒場１,京王井の頭線/神泉駅 歩7分,3.0,7階建,1階,11.8,1.3,11.8,0.0,1K,26.47,https://suumo.jp/chintai/jnc_000086724089/,京王井の頭線,神泉駅,7
40,40,ザ パークハビオ神泉,賃貸マンション,東京都目黒区駒場１,京王井の頭線/神泉駅 歩7分,3.0,7階建,4階,12.5,1.0,12.5,0.0,1K,26.47,https://suumo.jp/chintai/jnc_000070294103/,京王井の頭線,神泉駅,7
41,41,ザ パークハビオ神泉,賃貸マンション,東京都目黒区駒場１,京王井の頭線/神泉駅 歩7分,3.0,7階建,4階,12.5,1.3,12.5,0.0,1K,26.47,https://suumo.jp/chintai/jnc_000086724092/,京王井の頭線,神泉駅,7
42,42,ザ パークハビオ神泉,賃貸マンション,東京都目黒区駒場１,京王井の頭線/神泉駅 歩7分,3.0,7階建,3階,13.9,1.0,13.9,0.0,1K,28.77,https://suumo.jp/chintai/jnc_000070294101/,京王井の頭線,神泉駅,7
43,43,ザ パークハビオ神泉,賃貸マンション,東京都目黒区駒場１,京王井の頭線/神泉駅 歩7分,3.0,7階建,3階,13.9,1.3,13.9,0.0,ワンルーム,28.77,https://suumo.jp/chintai/jnc_000086724091/,京王井の頭線,神泉駅,7
44,44,ザ パークハビオ神泉,賃貸マンション,東京都目黒区駒場１,京王井の頭線/神泉駅 歩7分,3.0,7階建,3階,14.0,1.3,14.0,0.0,ワンルーム,29.18,https://suumo.jp/chintai/jnc_000085533763/,京王井の頭線,神泉駅,7
45,45,ザ パークハビオ神泉,賃貸マンション,東京都目黒区駒場１,京王井の頭線/神泉駅 歩7分,3.0,7階建,6階,26.0,1.5,26.0,0.0,1LDK,45.63,https://suumo.jp/chintai/jnc_000086724093/,京王井の頭線,神泉駅,7
46,46,ザ パークハビオ神泉,賃貸マンション,東京都目黒区駒場１,京王井の頭線/神泉駅 歩7分,3.0,7階建,5階,28.0,1.0,28.0,0.0,ワンルーム,51.3,https://suumo.jp/chintai/jnc_000077941380/,京王井の頭線,神泉駅,7
47,47,ザ パークハビオ神泉,賃貸マンション,東京都目黒区駒場１,京王井の頭線/神泉駅 歩7分,3.0,7階建,6階,27.8,1.5,27.8,0.0,1LDK,51.3,https://suumo.jp/chintai/jnc_000084818352/,京王井の頭線,神泉駅,7
48,48,ザ パークハビオ神泉,賃貸マンション,東京都目黒区駒場１,京王井の頭線/神泉駅 歩7分,3.0,7階建,3階,30.0,2.0,30.0,0.0,2LDK,54.95,https://suumo.jp/chintai/jnc_000086724090/,京王井の頭線,神泉駅,7
49,49,ザ パークハビオ神泉,賃貸マンション,東京都目黒区駒場１,京王井の頭線/神泉駅 歩7分,3.0,7階建,2階,30.0,2.0,30.0,0.0,2LDK,54.95,https://suumo.jp/chintai/jnc_000083376170/,京王井の頭線,神泉駅,7
50,50,ザ パークハビオ神泉,賃貸マンション,東京都目黒区駒場１,京王井の頭線/神泉駅 歩7分,3.0,7階建,7階,32.0,2.0,32.0,0.0,2LDK,54.95,https://suumo.jp/chintai/jnc_000084590151/,京王井の頭線,神泉駅,7
51,51,ザ パークハビオ神泉,賃貸マンション,東京都目黒区駒場１,京王井の頭線/神泉駅 歩7分,3.0,7階建,6階,32.0,2.0,32.0,0.0,2LDK,54.95,https://suumo.jp/chintai/jnc_000080424415/,京王井の頭線,神泉駅,7
52,52,ザ パークハビオ神泉,賃貸マンション,東京都目黒区駒場１,東急田園都市線/池尻大橋駅 歩11分,3.0,7階建,1階,11.8,1.0,11.8,0.0,1K,26.47,https://suumo.jp/chintai/jnc_000086731742/,東急田園都市線,池尻大橋駅,11
53,53,ザ パークハビオ神泉,賃貸マンション,東京都目黒区駒場１,東急田園都市線/池尻大橋駅 歩11分,3.0,7階建,1階,11.8,1.3,11.8,0.0,1K,26.47,https://suumo.jp/chintai/jnc_000086724089/,東急田園都市線,池尻大橋駅,11
54,54,ザ パークハビオ神泉,賃貸マンション,東京都目黒区駒場１,東急田園都市線/池尻大橋駅 歩11分,3.0,7階建,4階,12.5,1.0,12.5,0.0,1K,26.47,https://suumo.jp/chintai/jnc_000070294103/,東急田園都市線,池尻大橋駅,11
55,55,ザ パークハビオ神泉,賃貸マンション,東京都目黒区駒場１,東急田園都市線/池尻大橋駅 歩11分,3.0,7階建,4階,12.5,1.3,12.5,0.0,1K,26.47,https://suumo.jp/chintai/jnc_000086724092/,東急田園都市線,池尻大橋駅,11
56,56,ザ パークハビオ神泉,賃貸マンション,東京都目黒区駒場１,東急田園都市線/池尻大橋駅 歩11分,3.0,7階建,3階,13.9,1.0,13.9,0.0,1K,28.77,https://suumo.jp/chintai/jnc_000070294101/,東急田園都市線,池尻大橋駅,11
57,57,ザ パークハビオ神泉,賃貸マンション,東京都目黒区駒場１,東急田園都市線/池尻大橋駅 歩11分,3.0,7階建,3階,13.9,1.3,13.9,0.0,ワンルーム,28.77,https://suumo.jp/chintai/jnc_000086724091/,東急田園都市線,池尻大橋駅,11
58,58,ザ パークハビオ神泉,賃貸マンション,東京都目黒区駒場１,東急田園都市線/池尻大橋駅 歩11分,3.0,7階建,3階,14.0,1.3,14.0,0.0,ワンルーム,29.18,https://suumo.jp/chintai/jnc_000085533763/,東急田園都市線,池尻大橋駅,11
59,59,ザ パークハビオ神泉,賃貸マンション,東京都目黒区駒場１,東急田園都市線/池尻大橋駅 歩11分,3.0,7階建,6階,26.0,1.5,26.0,0.0,1LDK,45.63,https://suumo.jp/chintai/jnc_000086724093/,東急田園都市線,池尻大橋駅,11
60,60,ザ パークハビオ神泉,賃貸マンション,東京都目黒区駒場１,東急田園都市線/池尻大橋駅 歩11分,3.0,7階建,5階,28.0,1.0,28.0,0.0,ワンルーム,51.3,https://suumo.jp/chintai/jnc_000077941380/,東急田園都市線,池尻大橋駅,11
61,61,ザ パークハビオ神泉,賃貸マンション,東京都目黒区駒場１,東急田園都市線/池尻大橋駅 歩11分,3.0,7階建,6階,27.8,1.5,27.8,0.0,1LDK,51.3,https://suumo.jp/chintai/jnc_000084818352/,東急田園都市線,池尻大橋駅,11
62,62,ザ パークハビオ神泉,賃貸マンション,東京都目黒区駒場１,東急田園都市線/池尻大橋駅 歩11分,3.0,7階建,3階,30.0,2.0,30.0,0.0,2LDK,54.95,https://suumo.jp/chintai/jnc_000086724090/,東急田園都市線,池尻大橋駅,11
63,63,ザ パークハビオ神泉,賃貸マンション,東京都目黒区駒場１,東急田園都市線/池尻大橋駅 歩11分,3.0,7階建,2階,30.0,2.0,30.0,0.0,2LDK,54.95,https://suumo.jp/chintai/jnc_000083376170/,東急田園都市線,池尻大橋駅,11
64,64,ザ パークハビオ神泉,賃貸マンション,東京都目黒区駒場１,東急田園都市線/池尻大橋駅 歩11分,3.0,7階建,7階,32.0,2.0,32.0,0.0,2LDK,54.95,https://suumo.jp/chintai/jnc_000084590151/,東急田園都市線,池尻大橋駅,11
65,65,ザ パークハビオ神泉,賃貸マンション,東京都目黒区駒場１,東急田園都市線/池尻大橋駅 歩11分,3.0,7階建,6階,32.0,2.0,32.0,0.0,2LDK,54.95,https://suumo.jp/chintai/jnc_000080424415/,東急田園都市線,池尻大橋駅,11
66,66,ザ パークハビオ神泉,賃貸マンション,東京都目黒区駒場１,ＪＲ山手線/渋谷駅 歩13分,3.0,7階建,1階,11.8,1.0,11.8,0.0,1K,26.47,https://suumo.jp/chintai/jnc_000086731742/,ＪＲ山手線,渋谷駅,13
67,67,ザ パークハビオ神泉,賃貸マンション,東京都目黒区駒場１,ＪＲ山手線/渋谷駅 歩13分,3.0,7階建,1階,11.8,1.3,11.8,0.0,1K,26.47,https://suumo.jp/chintai/jnc_000086724089/,ＪＲ山手線,渋谷駅,13
68,68,ザ パークハビオ神泉,賃貸マンション,東京都目黒区駒場１,ＪＲ山手線/渋谷駅 歩13分,3.0,7階建,4階,12.5,1.0,12.5,0.0,1K,26.47,https://suumo.jp/chintai/jnc_000070294103/,ＪＲ山手線,渋谷駅,13
69,69,ザ パークハビオ神泉,賃貸マンション,東京都目黒区駒場１,ＪＲ山手線/渋谷駅 歩13分,3.0,7階建,4階,12.5,1.3,12.5,0.0,1K,26.47,https://suumo.jp/chintai/jnc_000086724092/,ＪＲ山手線,渋谷駅,13
70,70,ザ パークハビオ神泉,賃貸マンション,東京都目黒区駒場１,ＪＲ山手線/渋谷駅 歩13分,3.0,7階建,3階,13.9,1.0,13.9,0.0,1K,28.77,https://suumo.jp/chintai/jnc_000070294101/,ＪＲ山手線,渋谷駅,13
71,71,ザ パークハビオ神泉,賃貸マンション,東京都目黒区駒場１,ＪＲ山手線/渋谷駅 歩13分,3.0,7階建,3階,13.9,1.3,13.9,0.0,ワンルーム,28.77,https://suumo.jp/chintai/jnc_000086724091/,ＪＲ山手線,渋谷駅,13
72,72,ザ パークハビオ神泉,賃貸マンション,東京都目黒区駒場１,ＪＲ山手線/渋谷駅 歩13分,3.0,7階建,3階,14.0,1.3,14.0,0.0,ワンルーム,29.18,https://suumo.jp/chintai/jnc_000085533763/,ＪＲ山手線,渋谷駅,13
73,73,ザ パークハビオ神泉,賃貸マンション,東京都目黒区駒場１,ＪＲ山手線/渋谷駅 歩13分,3.0,7階建,6階,26.0,1.5,26.0,0.0,1LDK,45.63,https://suumo.jp/chintai/jnc_000086724093/,ＪＲ山手線,渋谷駅,13
74,74,ザ パークハビオ神泉,賃貸マンション,東京都目黒区駒場１,ＪＲ山手線/渋谷駅 歩13分,3.0,7階建,5階,28.0,1.0,28.0,0.0,ワンルーム,51.3,https://suumo.jp/chintai/jnc_000077941380/,ＪＲ山手線,渋谷駅,13
75,75,ザ パークハビオ神泉,賃貸マンション,東京都目黒区駒場１,ＪＲ山手線/渋谷駅 歩13分,3.0,7階建,6階,27.8,1.5,27.8,0.0,1LDK,51.3,https://suumo.jp/chintai/jnc_000084818352/,ＪＲ山手線,渋谷駅,13
76,76,ザ パークハビオ神泉,賃貸マンション,東京都目黒区駒場１,ＪＲ山手線/渋谷駅 歩13分,3.0,7階建,3階,30.0,2.0,30.0,0.0,2LDK,54.95,https://suumo.jp/chintai/jnc_000086724090/,ＪＲ山手線,渋谷駅,13
77,77,ザ パークハビオ神泉,賃貸マンション,東京都目黒区駒場１,ＪＲ山手線/渋谷駅 歩13分,3.0,7階建,2階,30.0,2.0,30.0,0.0,2LDK,54.95,https://suumo.jp/chintai/jnc_000083376170/,ＪＲ山手線,渋谷駅,13
78,78,ザ パークハビオ神泉,賃貸マンション,東京都目黒区駒場１,ＪＲ山手線/渋谷駅 歩13分,3.0,7階建,7階,32.0,2.0,32.0,0.0,2LDK,54.95,https://suumo.jp/chintai/jnc_000084590151/,ＪＲ山手線,渋谷駅,13
79,79,ザ パークハビオ神泉,賃貸マンション,東京都目黒区駒場１,ＪＲ山手線/渋谷駅 歩13分,3.0,7階建,6階,32.0,2.0,32.0,0.0,2LDK,54.95,https://suumo.jp/chintai/jnc_000080424415/,ＪＲ山手線,渋谷駅,13
80,80,GRAN PASEO碑文谷South,賃貸マンション,東京都目黒区碑文谷３,東急東横線/都立大学駅 歩9分,3.0,4階建,1階,11.5,1.0,0.0,0.0,ワンルーム,27.28,https://suumo.jp/chintai/jnc_000085302064/,東急東横線,都立大学駅,9
81,81,GRAN PASEO碑文谷South,賃貸マンション,東京都目黒区碑文谷３,東急東横線/都立大学駅 歩9分,3.0,4階建,3階,11.8,1.0,0.0,0.0,ワンルーム,27.28,https://suumo.jp/chintai/jnc_000069802603/,東急東横線,都立大学駅,9
82,82,GRAN PASEO碑文谷South,賃貸マンション,東京都目黒区碑文谷３,東急東横線/都立大学駅 歩9分,3.0,4階建,4階,12.3,1.0,0.0,0.0,ワンルーム,27.28,https://suumo.jp/chintai/jnc_000085341154/,東急東横線,都立大学駅,9
83,83,GRAN PASEO碑文谷South,賃貸マンション,東京都目黒区碑文谷３,東急東横線/都立大学駅 歩9分,3.0,4階建,3階,14.3,1.3,0.0,0.0,1LDK,31.07,https://suumo.jp/chintai/jnc_000069765169/,東急東横線,都立大学駅,9
84,84,GRAN PASEO碑文谷South,賃貸マンション,東京都目黒区碑文谷３,東急東横線/都立大学駅 歩9分,3.0,4階建,4階,14.8,1.5,0.0,0.0,1LDK,31.07,https://suumo.jp/chintai/jnc_000086672245/,東急東横線,都立大学駅,9
85,85,GRAN PASEO碑文谷South,賃貸マンション,東京都目黒区碑文谷３,東急東横線/都立大学駅 歩9分,3.0,4階建,3階,20.5,1.5,0.0,0.0,2SLDK,48.02,https://suumo.jp/chintai/jnc_000085827443/,東急東横線,都立大学駅,9
86,86,GRAN PASEO碑文谷South,賃貸マンション,東京都目黒区碑文谷３,東急東横線/都立大学駅 歩9分,3.0,4階建,3階,21.0,1.5,0.0,0.0,2LDK,47.05,https://suumo.jp/chintai/jnc_000085504586/,東急東横線,都立大学駅,9
87,87,GRAN PASEO碑文谷South,賃貸マンション,東京都目黒区碑文谷３,東急目黒線/大岡山駅 歩15分,3.0,4階建,1階,11.5,1.0,0.0,0.0,ワンルーム,27.28,https://suumo.jp/chintai/jnc_000085302064/,東急目黒線,大岡山駅,15
88,88,GRAN PASEO碑文谷South,賃貸マンション,東京都目黒区碑文谷３,東急目黒線/大岡山駅 歩15分,3.0,4階建,3階,11.8,1.0,0.0,0.0,ワンルーム,27.28,https://suumo.jp/chintai/jnc_000069802603/,東急目黒線,大岡山駅,15
89,89,GRAN PASEO碑文谷South,賃貸マンション,東京都目黒区碑文谷３,東急目黒線/大岡山駅 歩15分,3.0,4階建,4階,12.3,1.0,0.0,0.0,ワンルーム,27.28,https://suumo.jp/chintai/jnc_000085341154/,東急目黒線,大岡山駅,15
90,90,GRAN PASEO碑文谷South,賃貸マンション,東京都目黒区碑文谷３,東急目黒線/大岡山駅 歩15分,3.0,4階建,3階,14.3,1.3,0.0,0.0,1LDK,31.07,https://suumo.jp/chintai/jnc_000069765169/,東急目黒線,大岡山駅,15
91,91,GRAN PASEO碑文谷South,賃貸マンション,東京都目黒区碑文谷３,東急目黒線/大岡山駅 歩15分,3.0,4階建,4階,14.8,1.5,0.0,0.0,1LDK,31.07,https://suumo.jp/chintai/jnc_000086672245/,東急目黒線,大岡山駅,15
92,92,GRAN PASEO碑文谷South,賃貸マンション,東京都目黒区碑文谷３,東急目黒線/大岡山駅 歩15分,3.0,4階建,3階,20.5,1.5,0.0,0.0,2SLDK,48.02,https://suumo.jp/chintai/jnc_000085827443/,東急目黒線,大岡山駅,15
93,93,GRAN PASEO碑文谷South,賃貸マンション,東京都目黒区碑文谷３,東急目黒線/大岡山駅 歩15分,3.0,4階建,3階,21.0,1.5,0.0,0.0,2LDK,47.05,https://suumo.jp/chintai/jnc_000085504586/,東急目黒線,大岡山駅,15
94,94,GRAN PASEO碑文谷South,賃貸マンション,東京都目黒区碑文谷３,東急東横線/学芸大学駅 歩19分,3.0,4階建,1階,11.5,1.0,0.0,0.0,ワンルーム,27.28,https://suumo.jp/chintai/jnc_000085302064/,東急東横線,学芸大学駅,19
95,95,GRAN PASEO碑文谷South,賃貸マンション,東京都目黒区碑文谷３,東急東横線/学芸大学駅 歩19分,3.0,4階建,3階,11.8,1.0,0.0,0.0,ワンルーム,27.28,https://suumo.jp/chintai/jnc_000069802603/,東急東横線,学芸大学駅,19
96,96,GRAN PASEO碑文谷South,賃貸マンション,東京都目黒区碑文谷３,東急東横線/学芸大学駅 歩19分,3.0,4階建,4階,12.3,1.0,0.0,0.0,ワンルーム,27.28,https://suumo.jp/chintai/jnc_000085341154/,東急東横線,学芸大学駅,19
97,97,GRAN PASEO碑文谷South,賃貸マンション,東京都目黒区碑文谷３,東急東横線/学芸大学駅 歩19分,3.0,4階建,3階,14.3,1.3,0.0,0.0,1LDK,31.07,https://suumo.jp/chintai/jnc_000069765169/,東急東横線,学芸大学駅,19
98,98,GRAN PASEO碑文谷South,賃貸マンション,東京都目黒区碑文谷３,東急東横線/学芸大学駅 歩19分,3.0,4階建,4階,14.8,1.5,0.0,0.0,1LDK,31.07,https://suumo.jp/chintai/jnc_000086672245/,東急東横線,学芸大学駅,19
99,99,GRAN PASEO碑文谷South,賃貸マンション,東京都目黒区碑文谷３,東急東横線/学芸大学駅 歩19分,3.0,4階建,3階,20.5,1.5,0.0,0.0,2SLDK,48.02,https://suumo.jp/chintai/jnc_000085827443/,東急東横線,学芸大学駅,19
100,100,GRAN PASEO碑文谷South,賃貸マンション,東京都目黒区碑文谷３,東急東横線/学芸大学駅 歩19分,3.0,4階建,3階,21.0,1.5,0.0,0.0,2LDK,47.05,https://suumo.jp/chintai/jnc_000085504586/,東急東横線,学芸大学駅,19
101,101,パークリュクス目黒,賃貸マンション,東京都目黒区下目黒３,東急目黒線/不動前駅 歩8分,10.0,14階建,14階,26.3,1.6,26.3,26.3,2LDK,55.74,https://suumo.jp/chintai/jnc_000086083075/,東急目黒線,不動前駅,8
103,103,パークリュクス目黒,賃貸マンション,東京都目黒区下目黒３,ＪＲ山手線/目黒駅 歩10分,10.0,14階建,14階,26.3,1.6,26.3,26.3,2LDK,55.74,https://suumo.jp/chintai/jnc_000086083075/,ＪＲ山手線,目黒駅,10
105,105,パークリュクス目黒,賃貸マンション,東京都目黒区下目黒３,ＪＲ山手線/五反田駅 歩20分,10.0,14階建,14階,26.3,1.6,26.3,26.3,2LDK,55.74,https://suumo.jp/chintai/jnc_000086083075/,ＪＲ山手線,五反田駅,20
107,107,ガーデンコート中根,賃貸マンション,東京都目黒区中根２,東急東横線/都立大学駅 歩7分,6.0,3階建,1階,15.5,0.8,15.5,15.5,1LDK,45.02,https://suumo.jp/chintai/jnc_000086489637/,東急東横線,都立大学駅,7
108,108,ガーデンコート中根,賃貸マンション,東京都目黒区中根２,東急東横線/自由が丘駅 歩11分,6.0,3階建,1階,15.5,0.8,15.5,15.5,1LDK,45.02,https://suumo.jp/chintai/jnc_000086489637/,東急東横線,自由が丘駅,11
109,109,ガーデンコート中根,賃貸マンション,東京都目黒区中根２,東急大井町線/緑が丘駅 歩14分,6.0,3階建,1階,15.5,0.8,15.5,15.5,1LDK,45.02,https://suumo.jp/chintai/jnc_000086489637/,東急大井町線,緑が丘駅,14
110,110,東急東横線 都立大学駅 2階建 築2年,賃貸アパート,東京都目黒区平町１,東急東横線/都立大学駅 歩9分,2.0,2階建,2階,15.5,0.3,15.5,15.5,1LDK,45.81,https://suumo.jp/chintai/jnc_000086271408/,東急東横線,都立大学駅,9
111,111,東急東横線 都立大学駅 2階建 築2年,賃貸アパート,東京都目黒区平町１,東急大井町線/大岡山駅 歩18分,2.0,2階建,2階,15.5,0.3,15.5,15.5,1LDK,45.81,https://suumo.jp/chintai/jnc_000086271408/,東急大井町線,大岡山駅,18
112,112,東急東横線 都立大学駅 2階建 築2年,賃貸アパート,東京都目黒区平町１,東急目黒線/洗足駅 歩20分,2.0,2階建,2階,15.5,0.3,15.5,15.5,1LDK,45.81,https://suumo.jp/chintai/jnc_000086271408/,東急目黒線,洗足駅,20
113,113,東急目黒線 武蔵小山駅 5階建 築3年,賃貸マンション,東京都目黒区目黒本町５,東急目黒線/武蔵小山駅 歩6分,3.0,5階建,4階,16.4,1.2,16.4,16.4,1LDK,40.0,https://suumo.jp/chintai/jnc_000086747287/,東急目黒線,武蔵小山駅,6
114,114,東急目黒線 武蔵小山駅 5階建 築3年,賃貸マンション,東京都目黒区目黒本町５,東急目黒線/西小山駅 歩9分,3.0,5階建,4階,16.4,1.2,16.4,16.4,1LDK,40.0,https://suumo.jp/chintai/jnc_000086747287/,東急目黒線,西小山駅,9
115,115,東急目黒線 武蔵小山駅 5階建 築3年,賃貸マンション,東京都目黒区目黒本町５,東急目黒線/不動前駅 歩18分,3.0,5階建,4階,16.4,1.2,16.4,16.4,1LDK,40.0,https://suumo.jp/chintai/jnc_000086747287/,東急目黒線,不動前駅,18
116,116,東急目黒線 武蔵小山駅 4階建 築7年,賃貸マンション,東京都目黒区目黒本町５,東急目黒線/武蔵小山駅 歩8分,7.0,4階建,4階,13.1,0.4,13.1,13.1,1LDK,32.13,https://suumo.jp/chintai/jnc_000051726554/,東急目黒線,武蔵小山駅,8
117,117,東急目黒線 武蔵小山駅 4階建 築7年,賃貸マンション,東京都目黒区目黒本町５,東急目黒線/西小山駅 歩5分,7.0,4階建,4階,13.1,0.4,13.1,13.1,1LDK,32.13,https://suumo.jp/chintai/jnc_000051726554/,東急目黒線,西小山駅,5
118,118,東急目黒線 武蔵小山駅 4階建 築7年,賃貸マンション,東京都目黒区目黒本町５,東急池上線/戸越銀座駅 歩23分,7.0,4階建,4階,13.1,0.4,13.1,13.1,1LDK,32.13,https://suumo.jp/chintai/jnc_000051726554/,東急池上線,戸越銀座駅,23
119,119,エルファーロ都立大学,賃貸マンション,東京都目黒区中根１,東急東横線/都立大学駅 歩4分,0.0,4階建,4階,12.3,1.0,0.0,0.0,1LDK,27.49,https://suumo.jp/chintai/jnc_000086634629/,東急東横線,都立大学駅,4
120,120,エルファーロ都立大学,賃貸マンション,東京都目黒区中根１,東急東横線/都立大学駅 歩4分,0.0,4階建,1階,12.3,1.0,0.0,0.0,1LDK,27.49,https://suumo.jp/chintai/jnc_000086634620/,東急東横線,都立大学駅,4
121,121,エルファーロ都立大学,賃貸マンション,東京都目黒区中根１,東急東横線/都立大学駅 歩4分,0.0,4階建,4階,12.4,1.0,0.0,0.0,1LDK,27.49,https://suumo.jp/chintai/jnc_000086634628/,東急東横線,都立大学駅,4
122,122,エルファーロ都立大学,賃貸マンション,東京都目黒区中根１,東急東横線/都立大学駅 歩4分,0.0,4階建,1階,12.4,1.0,0.0,0.0,1LDK,27.49,https://suumo.jp/chintai/jnc_000086634619/,東急東横線,都立大学駅,4
124,124,エルファーロ都立大学,賃貸マンション,東京都目黒区中根１,東急東横線/都立大学駅 歩4分,0.0,4階建,3階,12.7,1.0,0.0,0.0,1LDK,27.49,https://suumo.jp/chintai/jnc_000086634626/,東急東横線,都立大学駅,4
125,125,エルファーロ都立大学,賃貸マンション,東京都目黒区中根１,東急東横線/都立大学駅 歩4分,0.0,4階建,2階,12.7,1.0,0.0,0.0,1LDK,27.49,https://suumo.jp/chintai/jnc_000086634623/,東急東横線,都立大学駅,4
127,127,エルファーロ都立大学,賃貸マンション,東京都目黒区中根１,東急東横線/都立大学駅 歩4分,0.0,4階建,3階,12.8,1.0,0.0,0.0,1LDK,27.49,https://suumo.jp/chintai/jnc_000086634625/,東急東横線,都立大学駅,4
128,128,エルファーロ都立大学,賃貸マンション,東京都目黒区中根１,東急東横線/都立大学駅 歩4分,0.0,4階建,2階,12.8,1.0,0.0,0.0,1LDK,27.49,https://suumo.jp/chintai/jnc_000086634622/,東急東横線,都立大学駅,4
130,130,エルファーロ都立大学,賃貸マンション,東京都目黒区中根１,東急東横線/都立大学駅 歩4分,0.0,4階建,1階,22.8,1.5,0.0,0.0,2LDK,45.61,https://suumo.jp/chintai/jnc_000086634621/,東急東横線,都立大学駅,4
131,131,エルファーロ都立大学,賃貸マンション,東京都目黒区中根１,東急東横線/都立大学駅 歩4分,0.0,4階建,3階,22.8,1.5,0.0,0.0,2LDK,45.61,https://suumo.jp/chintai/jnc_000086680335/,東急東横線,都立大学駅,4
132,132,エルファーロ都立大学,賃貸マンション,東京都目黒区中根１,東急東横線/都立大学駅 歩4分,0.0,4階建,2階,23.3,1.0,0.0,0.0,2LDK,45.61,https://suumo.jp/chintai/jnc_000086640402/,東急東横線,都立大学駅,4
133,133,エルファーロ都立大学,賃貸マンション,東京都目黒区中根１,東急東横線/都立大学駅 歩4分,0.0,4階建,3階,23.3,1.5,0.0,0.0,2LDK,45.61,https://suumo.jp/chintai/jnc_000086634627/,東急東横線,都立大学駅,4
134,134,エルファーロ都立大学,賃貸マンション,東京都目黒区中根１,東急東横線/都立大学駅 歩4分,0.0,4階建,2階,23.3,1.5,0.0,0.0,2LDK,45.61,https://suumo.jp/chintai/jnc_000086634624/,東急東横線,都立大学駅,4
135,135,エルファーロ都立大学,賃貸マンション,東京都目黒区中根１,東急大井町線/緑が丘駅 歩12分,0.0,4階建,4階,12.3,1.0,0.0,0.0,1LDK,27.49,https://suumo.jp/chintai/jnc_000086634629/,東急大井町線,緑が丘駅,12
136,136,エルファーロ都立大学,賃貸マンション,東京都目黒区中根１,東急大井町線/緑が丘駅 歩12分,0.0,4階建,1階,12.3,1.0,0.0,0.0,1LDK,27.49,https://suumo.jp/chintai/jnc_000086634620/,東急大井町線,緑が丘駅,12
137,137,エルファーロ都立大学,賃貸マンション,東京都目黒区中根１,東急大井町線/緑が丘駅 歩12分,0.0,4階建,4階,12.4,1.0,0.0,0.0,1LDK,27.49,https://suumo.jp/chintai/jnc_000086634628/,東急大井町線,緑が丘駅,12
138,138,エルファーロ都立大学,賃貸マンション,東京都目黒区中根１,東急大井町線/緑が丘駅 歩12分,0.0,4階建,1階,12.4,1.0,0.0,0.0,1LDK,27.49,https://suumo.jp/chintai/jnc_000086634619/,東急大井町線,緑が丘駅,12
140,140,エルファーロ都立大学,賃貸マンション,東京都目黒区中根１,東急大井町線/緑が丘駅 歩12分,0.0,4階建,3階,12.7,1.0,0.0,0.0,1LDK,27.49,https://suumo.jp/chintai/jnc_000086634626/,東急大井町線,緑が丘駅,12
141,141,エルファーロ都立大学,賃貸マンション,東京都目黒区中根１,東急大井町線/緑が丘駅 歩12分,0.0,4階建,2階,12.7,1.0,0.0,0.0,1LDK,27.49,https://suumo.jp/chintai/jnc_000086634623/,東急大井町線,緑が丘駅,12
143,143,エルファーロ都立大学,賃貸マンション,東京都目黒区中根１,東急大井町線/緑が丘駅 歩12分,0.0,4階建,3階,12.8,1.0,0.0,0.0,1LDK,27.49,https://suumo.jp/chintai/jnc_000086634625/,東急大井町線,緑が丘駅,12
144,144,エルファーロ都立大学,賃貸マンション,東京都目黒区中根１,東急大井町線/緑が丘駅 歩12分,0.0,4階建,2階,12.8,1.0,0.0,0.0,1LDK,27.49,https://suumo.jp/chintai/jnc_000086634622/,東急大井町線,緑が丘駅,12
146,146,エルファーロ都立大学,賃貸マンション,東京都目黒区中根１,東急大井町線/緑が丘駅 歩12分,0.0,4階建,1階,22.8,1.5,0.0,0.0,2LDK,45.61,https://suumo.jp/chintai/jnc_000086634621/,東急大井町線,緑が丘駅,12
147,147,エルファーロ都立大学,賃貸マンション,東京都目黒区中根１,東急大井町線/緑が丘駅 歩12分,0.0,4階建,3階,22.8,1.5,0.0,0.0,2LDK,45.61,https://suumo.jp/chintai/jnc_000086680335/,東急大井町線,緑が丘駅,12
148,148,エルファーロ都立大学,賃貸マンション,東京都目黒区中根１,東急大井町線/緑が丘駅 歩12分,0.0,4階建,2階,23.3,1.0,0.0,0.0,2LDK,45.61,https://suumo.jp/chintai/jnc_000086640402/,東急大井町線,緑が丘駅,12
149,149,エルファーロ都立大学,賃貸マンション,東京都目黒区中根１,東急大井町線/緑が丘駅 歩12分,0.0,4階建,3階,23.3,1.5,0.0,0.0,2LDK,45.61,https://suumo.jp/chintai/jnc_000086634627/,東急大井町線,緑が丘駅,12
150,150,エルファーロ都立大学,賃貸マンション,東京都目黒区中根１,東急大井町線/緑が丘駅 歩12分,0.0,4階建,2階,23.3,1.5,0.0,0.0,2LDK,45.61,https://suumo.jp/chintai/jnc_000086634624/,東急大井町線,緑が丘駅,12
151,151,エルファーロ都立大学,賃貸マンション,東京都目黒区中根１,東急東横線/自由が丘駅 歩19分,0.0,4階建,4階,12.3,1.0,0.0,0.0,1LDK,27.49,https://suumo.jp/chintai/jnc_000086634629/,東急東横線,自由が丘駅,19
152,152,エルファーロ都立大学,賃貸マンション,東京都目黒区中根１,東急東横線/自由が丘駅 歩19分,0.0,4階建,1階,12.3,1.0,0.0,0.0,1LDK,27.49,https://suumo.jp/chintai/jnc_000086634620/,東急東横線,自由が丘駅,19
153,153,エルファーロ都立大学,賃貸マンション,東京都目黒区中根１,東急東横線/自由が丘駅 歩19分,0.0,4階建,4階,12.4,1.0,0.0,0.0,1LDK,27.49,https://suumo.jp/chintai/jnc_000086634628/,東急東横線,自由が丘駅,19
154,154,エルファーロ都立大学,賃貸マンション,東京都目黒区中根１,東急東横線/自由が丘駅 歩19分,0.0,4階建,1階,12.4,1.0,0.0,0.0,1LDK,27.49,https://suumo.jp/chintai/jnc_000086634619/,東急東横線,自由が丘駅,19
156,156,エルファーロ都立大学,賃貸マンション,東京都目黒区中根１,東急東横線/自由が丘駅 歩19分,0.0,4階建,3階,12.7,1.0,0.0,0.0,1LDK,27.49,https://suumo.jp/chintai/jnc_000086634626/,東急東横線,自由が丘駅,19
157,157,エルファーロ都立大学,賃貸マンション,東京都目黒区中根１,東急東横線/自由が丘駅 歩19分,0.0,4階建,2階,12.7,1.0,0.0,0.0,1LDK,27.49,https://suumo.jp/chintai/jnc_000086634623/,東急東横線,自由が丘駅,19
159,159,エルファーロ都立大学,賃貸マンション,東京都目黒区中根１,東急東横線/自由が丘駅 歩19分,0.0,4階建,3階,12.8,1.0,0.0,0.0,1LDK,27.49,https://suumo.jp/chintai/jnc_000086634625/,東急東横線,自由が丘駅,19
160,160,エルファーロ都立大学,賃貸マンション,東京都目黒区中根１,東急東横線/自由が丘駅 歩19分,0.0,4階建,2階,12.8,1.0,0.0,0.0,1LDK,27.49,https://suumo.jp/chintai/jnc_000086634622/,東急東横線,自由が丘駅,19
162,162,エルファーロ都立大学,賃貸マンション,東京都目黒区中根１,東急東横線/自由が丘駅 歩19分,0.0,4階建,1階,22.8,1.5,0.0,0.0,2LDK,45.61,https://suumo.jp/chintai/jnc_000086634621/,東急東横線,自由が丘駅,19
163,163,エルファーロ都立大学,賃貸マンション,東京都目黒区中根１,東急東横線/自由が丘駅 歩19分,0.0,4階建,3階,22.8,1.5,0.0,0.0,2LDK,45.61,https://suumo.jp/chintai/jnc_000086680335/,東急東横線,自由が丘駅,19
164,164,エルファーロ都立大学,賃貸マンション,東京都目黒区中根１,東急東横線/自由が丘駅 歩19分,0.0,4階建,2階,23.3,1.0,0.0,0.0,2LDK,45.61,https://suumo.jp/chintai/jnc_000086640402/,東急東横線,自由が丘駅,19
165,165,エルファーロ都立大学,賃貸マンション,東京都目黒区中根１,東急東横線/自由が丘駅 歩19分,0.0,4階建,3階,23.3,1.5,0.0,0.0,2LDK,45.61,https://suumo.jp/chintai/jnc_000086634627/,東急東横線,自由が丘駅,19
166,166,エルファーロ都立大学,賃貸マンション,東京都目黒区中根１,東急東横線/自由が丘駅 歩19分,0.0,4階建,2階,23.3,1.5,0.0,0.0,2LDK,45.61,https://suumo.jp/chintai/jnc_000086634624/,東急東横線,自由が丘駅,19
167,167,ＪＲ山手線 目黒駅 4階建 築6年,賃貸マンション,東京都目黒区下目黒３,ＪＲ山手線/目黒駅 歩10分,6.0,4階建,1階,15.3,0.5,15.3,30.6,1LDK,40.58,https://suumo.jp/chintai/jnc_000078075818/,ＪＲ山手線,目黒駅,10
168,168,ＪＲ山手線 目黒駅 4階建 築6年,賃貸マンション,東京都目黒区下目黒３,東急目黒線/不動前駅 歩6分,6.0,4階建,1階,15.3,0.5,15.3,30.6,1LDK,40.58,https://suumo.jp/chintai/jnc_000078075818/,東急目黒線,不動前駅,6
169,169,ＪＲ山手線 目黒駅 4階建 築6年,賃貸マンション,東京都目黒区下目黒３,ＪＲ山手線/五反田駅 歩17分,6.0,4階建,1階,15.3,0.5,15.3,30.6,1LDK,40.58,https://suumo.jp/chintai/jnc_000078075818/,ＪＲ山手線,五反田駅,17
170,170,東急目黒線 西小山駅 4階建 築11年,賃貸マンション,東京都目黒区目黒本町５,東急目黒線/西小山駅 歩5分,11.0,4階建,2階,11.0,0.5,11.0,11.0,ワンルーム,26.1,https://suumo.jp/chintai/jnc_000073290747/,東急目黒線,西小山駅,5
171,171,東急目黒線 西小山駅 4階建 築11年,賃貸マンション,東京都目黒区目黒本町５,東急目黒線/西小山駅 歩5分,11.0,4階建,3階,14.0,0.5,14.0,14.0,1LDK,40.53,https://suumo.jp/chintai/jnc_000086298089/,東急目黒線,西小山駅,5
172,172,東急目黒線 西小山駅 4階建 築11年,賃貸マンション,東京都目黒区目黒本町５,東急目黒線/西小山駅 歩5分,11.0,4階建,3階,15.3,0.5,15.3,15.3,2DK,40.12,https://suumo.jp/chintai/jnc_000068739592/,東急目黒線,西小山駅,5
173,173,東急目黒線 西小山駅 4階建 築11年,賃貸マンション,東京都目黒区目黒本町５,東急目黒線/武蔵小山駅 歩9分,11.0,4階建,2階,11.0,0.5,11.0,11.0,ワンルーム,26.1,https://suumo.jp/chintai/jnc_000073290747/,東急目黒線,武蔵小山駅,9
174,174,東急目黒線 西小山駅 4階建 築11年,賃貸マンション,東京都目黒区目黒本町５,東急目黒線/武蔵小山駅 歩9分,11.0,4階建,3階,14.0,0.5,14.0,14.0,1LDK,40.53,https://suumo.jp/chintai/jnc_000086298089/,東急目黒線,武蔵小山駅,9
175,175,東急目黒線 西小山駅 4階建 築11年,賃貸マンション,東京都目黒区目黒本町５,東急目黒線/武蔵小山駅 歩9分,11.0,4階建,3階,15.3,0.5,15.3,15.3,2DK,40.12,https://suumo.jp/chintai/jnc_000068739592/,東急目黒線,武蔵小山駅,9
176,176,東急目黒線 西小山駅 4階建 築11年,賃貸マンション,東京都目黒区目黒本町５,東急目黒線/洗足駅 歩16分,11.0,4階建,2階,11.0,0.5,11.0,11.0,ワンルーム,26.1,https://suumo.jp/chintai/jnc_000073290747/,東急目黒線,洗足駅,16
177,177,東急目黒線 西小山駅 4階建 築11年,賃貸マンション,東京都目黒区目黒本町５,東急目黒線/洗足駅 歩16分,11.0,4階建,3階,14.0,0.5,14.0,14.0,1LDK,40.53,https://suumo.jp/chintai/jnc_000086298089/,東急目黒線,洗足駅,16
178,178,東急目黒線 西小山駅 4階建 築11年,賃貸マンション,東京都目黒区目黒本町５,東急目黒線/洗足駅 歩16分,11.0,4階建,3階,15.3,0.5,15.3,15.3,2DK,40.12,https://suumo.jp/chintai/jnc_000068739592/,東急目黒線,洗足駅,16
179,179,PASEO目黒,賃貸マンション,東京都目黒区下目黒２,ＪＲ山手線/目黒駅 歩8分,4.0,4階建,4階,11.9,1.0,0.0,0.0,ワンルーム,24.4,https://suumo.jp/chintai/jnc_000076002819/,ＪＲ山手線,目黒駅,8
180,180,PASEO目黒,賃貸マンション,東京都目黒区下目黒２,ＪＲ山手線/目黒駅 歩8分,4.0,4階建,4階,18.3,0.0,0.0,0.0,2DK,40.75,https://suumo.jp/chintai/jnc_000086717111/,ＪＲ山手線,目黒駅,8
181,181,PASEO目黒,賃貸マンション,東京都目黒区下目黒２,ＪＲ山手線/目黒駅 歩8分,4.0,4階建,4階,18.3,1.2,0.0,0.0,1LDK,40.75,https://suumo.jp/chintai/jnc_000085963153/,ＪＲ山手線,目黒駅,8
182,182,PASEO目黒,賃貸マンション,東京都目黒区下目黒２,ＪＲ山手線/目黒駅 歩8分,4.0,4階建,1階,19.7,1.2,0.0,0.0,1SLDK,45.66,https://suumo.jp/chintai/jnc_000086509846/,ＪＲ山手線,目黒駅,8
183,183,PASEO目黒,賃貸マンション,東京都目黒区下目黒２,ＪＲ山手線/目黒駅 歩8分,4.0,4階建,1階,20.2,1.2,0.0,0.0,2LDK,45.66,https://suumo.jp/chintai/jnc_000076540745/,ＪＲ山手線,目黒駅,8
184,184,PASEO目黒,賃貸マンション,東京都目黒区下目黒２,東急目黒線/不動前駅 歩11分,4.0,4階建,4階,11.9,1.0,0.0,0.0,ワンルーム,24.4,https://suumo.jp/chintai/jnc_000076002819/,東急目黒線,不動前駅,11
185,185,PASEO目黒,賃貸マンション,東京都目黒区下目黒２,東急目黒線/不動前駅 歩11分,4.0,4階建,4階,18.3,0.0,0.0,0.0,2DK,40.75,https://suumo.jp/chintai/jnc_000086717111/,東急目黒線,不動前駅,11
186,186,PASEO目黒,賃貸マンション,東京都目黒区下目黒２,東急目黒線/不動前駅 歩11分,4.0,4階建,4階,18.3,1.2,0.0,0.0,1LDK,40.75,https://suumo.jp/chintai/jnc_000085963153/,東急目黒線,不動前駅,11
187,187,PASEO目黒,賃貸マンション,東京都目黒区下目黒２,東急目黒線/不動前駅 歩11分,4.0,4階建,1階,19.7,1.2,0.0,0.0,1SLDK,45.66,https://suumo.jp/chintai/jnc_000086509846/,東急目黒線,不動前駅,11
188,188,PASEO目黒,賃貸マンション,東京都目黒区下目黒２,東急目黒線/不動前駅 歩11分,4.0,4階建,1階,20.2,1.2,0.0,0.0,2LDK,45.66,https://suumo.jp/chintai/jnc_000076540745/,東急目黒線,不動前駅,11
189,189,PASEO目黒,賃貸マンション,東京都目黒区下目黒２,ＪＲ山手線/五反田駅 歩20分,4.0,4階建,4階,11.9,1.0,0.0,0.0,ワンルーム,24.4,https://suumo.jp/chintai/jnc_000076002819/,ＪＲ山手線,五反田駅,20
190,190,PASEO目黒,賃貸マンション,東京都目黒区下目黒２,ＪＲ山手線/五反田駅 歩20分,4.0,4階建,4階,18.3,0.0,0.0,0.0,2DK,40.75,https://suumo.jp/chintai/jnc_000086717111/,ＪＲ山手線,五反田駅,20
191,191,PASEO目黒,賃貸マンション,東京都目黒区下目黒２,ＪＲ山手線/五反田駅 歩20分,4.0,4階建,4階,18.3,1.2,0.0,0.0,1LDK,40.75,https://suumo.jp/chintai/jnc_000085963153/,ＪＲ山手線,五反田駅,20
192,192,PASEO目黒,賃貸マンション,東京都目黒区下目黒２,ＪＲ山手線/五反田駅 歩20分,4.0,4階建,1階,19.7,1.2,0.0,0.0,1SLDK,45.66,https://suumo.jp/chintai/jnc_000086509846/,ＪＲ山手線,五反田駅,20
193,193,PASEO目黒,賃貸マンション,東京都目黒区下目黒２,ＪＲ山手線/五反田駅 歩20分,4.0,4階建,1階,20.2,1.2,0.0,0.0,2LDK,45.66,https://suumo.jp/chintai/jnc_000076540745/,ＪＲ山手線,五反田駅,20
194,194,パークサイド碑文谷,賃貸マンション,東京都目黒区碑文谷２,東急東横線/学芸大学駅 歩11分,35.0,地下1地上6階建,2階,23.8,1.2,23.8,23.8,3LDK,78.58,https://suumo.jp/chintai/jnc_000086700033/,東急東横線,学芸大学駅,11
195,195,パークサイド碑文谷,賃貸マンション,東京都目黒区碑文谷２,東急東横線/都立大学駅 歩15分,35.0,地下1地上6階建,2階,23.8,1.2,23.8,23.8,3LDK,78.58,https://suumo.jp/chintai/jnc_000086700033/,東急東横線,都立大学駅,15
196,196,パークサイド碑文谷,賃貸マンション,東京都目黒区碑文谷２,東急目黒線/西小山駅 歩21分,35.0,地下1地上6階建,2階,23.8,1.2,23.8,23.8,3LDK,78.58,https://suumo.jp/chintai/jnc_000086700033/,東急目黒線,西小山駅,21
197,197,東急東横線 学芸大学駅 地下1地上6階建 築35年,賃貸マンション,東京都目黒区碑文谷２,東急東横線/学芸大学駅 歩11分,35.0,地下1地上6階建,2階,23.8,1.2,23.8,23.8,3LDK,78.58,https://suumo.jp/chintai/jnc_000086708978/,東急東横線,学芸大学駅,11
198,198,東急東横線 学芸大学駅 地下1地上6階建 築35年,賃貸マンション,東京都目黒区碑文谷２,東急東横線/都立大学駅 歩17分,35.0,地下1地上6階建,2階,23.8,1.2,23.8,23.8,3LDK,78.58,https://suumo.jp/chintai/jnc_000086708978/,東急東横線,都立大学駅,17
199,199,東急東横線 学芸大学駅 地下1地上6階建 築35年,賃貸マンション,東京都目黒区碑文谷２,東急目黒線/西小山駅 歩22分,35.0,地下1地上6階建,2階,23.8,1.2,23.8,23.8,3LDK,78.58,https://suumo.jp/chintai/jnc_000086708978/,東急目黒線,西小山駅,22
200,200,Ｃａｓａ　Ｇｒａｃｅ　Ｊｉｙｕｇａｏｋａ,賃貸アパート,東京都目黒区自由が丘２,東急東横線/自由が丘駅 歩4分,3.0,2階建,1階,15.7,0.2,15.7,15.7,1LDK,40.16,https://suumo.jp/chintai/jnc_000070054942/,東急東横線,自由が丘駅,4
201,201,Ｃａｓａ　Ｇｒａｃｅ　Ｊｉｙｕｇａｏｋａ,賃貸アパート,東京都目黒区自由が丘２,東急大井町線/九品仏駅 歩10分,3.0,2階建,1階,15.7,0.2,15.7,15.7,1LDK,40.16,https://suumo.jp/chintai/jnc_000070054942/,東急大井町線,九品仏駅,10
202,202,Ｃａｓａ　Ｇｒａｃｅ　Ｊｉｙｕｇａｏｋａ,賃貸アパート,東京都目黒区自由が丘２,東急目黒線/奥沢駅 歩12分,3.0,2階建,1階,15.7,0.2,15.7,15.7,1LDK,40.16,https://suumo.jp/chintai/jnc_000070054942/,東急目黒線,奥沢駅,12
203,203,ラコサ都立大,賃貸マンション,東京都目黒区大岡山１,東急東横線/都立大学駅 歩11分,16.0,地下2地上3階建,2階,15.0,1.0,15.0,22.5,1LDK,42.64,https://suumo.jp/chintai/jnc_000086731733/,東急東横線,都立大学駅,11
204,204,ラコサ都立大,賃貸マンション,東京都目黒区大岡山１,東急大井町線/大岡山駅 歩11分,16.0,地下2地上3階建,2階,15.0,1.0,15.0,22.5,1LDK,42.64,https://suumo.jp/chintai/jnc_000086731733/,東急大井町線,大岡山駅,11
205,205,ラコサ都立大,賃貸マンション,東京都目黒区大岡山１,東急東横線/自由が丘駅 歩16分,16.0,地下2地上3階建,2階,15.0,1.0,15.0,22.5,1LDK,42.64,https://suumo.jp/chintai/jnc_000086731733/,東急東横線,自由が丘駅,16
206,206,東急東横線 学芸大学駅 3階建 築9年,賃貸マンション,東京都目黒区目黒本町１,東急東横線/学芸大学駅 歩13分,9.0,3階建,1階,11.3,1.2,11.3,11.3,1LDK,29.92,https://suumo.jp/chintai/jnc_000086007304/,東急東横線,学芸大学駅,13
207,207,東急東横線 学芸大学駅 3階建 築9年,賃貸マンション,東京都目黒区目黒本町１,東急目黒線/武蔵小山駅 歩14分,9.0,3階建,1階,11.3,1.2,11.3,11.3,1LDK,29.92,https://suumo.jp/chintai/jnc_000086007304/,東急目黒線,武蔵小山駅,14
208,208,東急東横線 学芸大学駅 3階建 築9年,賃貸マンション,東京都目黒区目黒本町１,東急目黒線/西小山駅 歩16分,9.0,3階建,1階,11.3,1.2,11.3,11.3,1LDK,29.92,https://suumo.jp/chintai/jnc_000086007304/,東急目黒線,西小山駅,16
209,209,トレステージ目黒,賃貸マンション,東京都目黒区下目黒２,ＪＲ山手線/目黒駅 歩9分,20.0,地下2地上18階建,2階,19.4,0.0,38.8,19.4,1LDK,42.33,https://suumo.jp/chintai/jnc_000086086908/,ＪＲ山手線,目黒駅,9
210,210,トレステージ目黒,賃貸マンション,東京都目黒区下目黒２,ＪＲ山手線/目黒駅 歩9分,20.0,地下2地上18階建,2階,19.4,0.8,38.8,19.4,1LDK,42.33,https://suumo.jp/chintai/jnc_000086185817/,ＪＲ山手線,目黒駅,9
211,211,トレステージ目黒,賃貸マンション,東京都目黒区下目黒２,ＪＲ山手線/目黒駅 歩9分,20.0,地下2地上18階建,2階,20.4,0.0,40.8,20.4,1LDK,46.31,https://suumo.jp/chintai/jnc_000084608082/,ＪＲ山手線,目黒駅,9
212,212,トレステージ目黒,賃貸マンション,東京都目黒区下目黒２,ＪＲ山手線/目黒駅 歩9分,20.0,地下2地上18階建,3階,21.4,0.0,42.8,21.4,1LDK,49.56,https://suumo.jp/chintai/jnc_000084129788/,ＪＲ山手線,目黒駅,9
213,213,トレステージ目黒,賃貸マンション,東京都目黒区下目黒２,ＪＲ山手線/目黒駅 歩9分,20.0,地下2地上18階建,2階,21.7,0.0,43.4,21.7,1LDK,52.25,https://suumo.jp/chintai/jnc_000084285411/,ＪＲ山手線,目黒駅,9
214,214,トレステージ目黒,賃貸マンション,東京都目黒区下目黒２,ＪＲ山手線/目黒駅 歩9分,20.0,地下2地上18階建,4階,21.8,0.0,43.6,21.8,1LDK,55.02,https://suumo.jp/chintai/jnc_000086292823/,ＪＲ山手線,目黒駅,9
215,215,トレステージ目黒,賃貸マンション,東京都目黒区下目黒２,ＪＲ山手線/目黒駅 歩9分,20.0,地下2地上18階建,4階,21.9,0.0,43.8,21.9,1LDK,52.25,https://suumo.jp/chintai/jnc_000084608083/,ＪＲ山手線,目黒駅,9
216,216,トレステージ目黒,賃貸マンション,東京都目黒区下目黒２,ＪＲ山手線/目黒駅 歩9分,20.0,地下2地上18階建,10階,22.2,0.0,44.4,22.2,1LDK,50.35,https://suumo.jp/chintai/jnc_000085347346/,ＪＲ山手線,目黒駅,9
217,217,トレステージ目黒,賃貸マンション,東京都目黒区下目黒２,ＪＲ山手線/目黒駅 歩9分,20.0,地下2地上18階建,13階,22.5,0.0,45.0,22.5,1LDK,50.35,https://suumo.jp/chintai/jnc_000086613957/,ＪＲ山手線,目黒駅,9
218,218,トレステージ目黒,賃貸マンション,東京都目黒区下目黒２,ＪＲ山手線/目黒駅 歩9分,20.0,地下2地上18階建,4階,23.0,0.0,46.0,23.0,1LDK,55.02,https://suumo.jp/chintai/jnc_000083031247/,ＪＲ山手線,目黒駅,9
219,219,トレステージ目黒,賃貸マンション,東京都目黒区下目黒２,ＪＲ山手線/目黒駅 歩9分,20.0,地下2地上18階建,16階,49.8,0.0,99.6,49.8,4LDK,118.0,https://suumo.jp/chintai/jnc_000086292822/,ＪＲ山手線,目黒駅,9
222,222,トレステージ目黒,賃貸マンション,東京都目黒区下目黒２,ＪＲ山手線/目黒駅 歩9分,20.0,地下2地上18階建,16階,51.7,0.0,103.4,51.7,4LDK,118.0,https://suumo.jp/chintai/jnc_000083991802/,ＪＲ山手線,目黒駅,9
223,223,トレステージ目黒,賃貸マンション,東京都目黒区下目黒２,東急目黒線/不動前駅 歩10分,20.0,地下2地上18階建,2階,19.4,0.0,38.8,19.4,1LDK,42.33,https://suumo.jp/chintai/jnc_000086086908/,東急目黒線,不動前駅,10
224,224,トレステージ目黒,賃貸マンション,東京都目黒区下目黒２,東急目黒線/不動前駅 歩10分,20.0,地下2地上18階建,2階,19.4,0.8,38.8,19.4,1LDK,42.33,https://suumo.jp/chintai/jnc_000086185817/,東急目黒線,不動前駅,10
225,225,トレステージ目黒,賃貸マンション,東京都目黒区下目黒２,東急目黒線/不動前駅 歩10分,20.0,地下2地上18階建,2階,20.4,0.0,40.8,20.4,1LDK,46.31,https://suumo.jp/chintai/jnc_000084608082/,東急目黒線,不動前駅,10
226,226,トレステージ目黒,賃貸マンション,東京都目黒区下目黒２,東急目黒線/不動前駅 歩10分,20.0,地下2地上18階建,3階,21.4,0.0,42.8,21.4,1LDK,49.56,https://suumo.jp/chintai/jnc_000084129788/,東急目黒線,不動前駅,10
227,227,トレステージ目黒,賃貸マンション,東京都目黒区下目黒２,東急目黒線/不動前駅 歩10分,20.0,地下2地上18階建,2階,21.7,0.0,43.4,21.7,1LDK,52.25,https://suumo.jp/chintai/jnc_000084285411/,東急目黒線,不動前駅,10
228,228,トレステージ目黒,賃貸マンション,東京都目黒区下目黒２,東急目黒線/不動前駅 歩10分,20.0,地下2地上18階建,4階,21.8,0.0,43.6,21.8,1LDK,55.02,https://suumo.jp/chintai/jnc_000086292823/,東急目黒線,不動前駅,10
229,229,トレステージ目黒,賃貸マンション,東京都目黒区下目黒２,東急目黒線/不動前駅 歩10分,20.0,地下2地上18階建,4階,21.9,0.0,43.8,21.9,1LDK,52.25,https://suumo.jp/chintai/jnc_000084608083/,東急目黒線,不動前駅,10
230,230,トレステージ目黒,賃貸マンション,東京都目黒区下目黒２,東急目黒線/不動前駅 歩10分,20.0,地下2地上18階建,10階,22.2,0.0,44.4,22.2,1LDK,50.35,https://suumo.jp/chintai/jnc_000085347346/,東急目黒線,不動前駅,10
231,231,トレステージ目黒,賃貸マンション,東京都目黒区下目黒２,東急目黒線/不動前駅 歩10分,20.0,地下2地上18階建,13階,22.5,0.0,45.0,22.5,1LDK,50.35,https://suumo.jp/chintai/jnc_000086613957/,東急目黒線,不動前駅,10
232,232,トレステージ目黒,賃貸マンション,東京都目黒区下目黒２,東急目黒線/不動前駅 歩10分,20.0,地下2地上18階建,4階,23.0,0.0,46.0,23.0,1LDK,55.02,https://suumo.jp/chintai/jnc_000083031247/,東急目黒線,不動前駅,10
233,233,トレステージ目黒,賃貸マンション,東京都目黒区下目黒２,東急目黒線/不動前駅 歩10分,20.0,地下2地上18階建,16階,49.8,0.0,99.6,49.8,4LDK,118.0,https://suumo.jp/chintai/jnc_000086292822/,東急目黒線,不動前駅,10
236,236,トレステージ目黒,賃貸マンション,東京都目黒区下目黒２,東急目黒線/不動前駅 歩10分,20.0,地下2地上18階建,16階,51.7,0.0,103.4,51.7,4LDK,118.0,https://suumo.jp/chintai/jnc_000083991802/,東急目黒線,不動前駅,10
237,237,トレステージ目黒,賃貸マンション,東京都目黒区下目黒２,東急目黒線/武蔵小山駅 歩21分,20.0,地下2地上18階建,2階,19.4,0.0,38.8,19.4,1LDK,42.33,https://suumo.jp/chintai/jnc_000086086908/,東急目黒線,武蔵小山駅,21
238,238,トレステージ目黒,賃貸マンション,東京都目黒区下目黒２,東急目黒線/武蔵小山駅 歩21分,20.0,地下2地上18階建,2階,19.4,0.8,38.8,19.4,1LDK,42.33,https://suumo.jp/chintai/jnc_000086185817/,東急目黒線,武蔵小山駅,21
239,239,トレステージ目黒,賃貸マンション,東京都目黒区下目黒２,東急目黒線/武蔵小山駅 歩21分,20.0,地下2地上18階建,2階,20.4,0.0,40.8,20.4,1LDK,46.31,https://suumo.jp/chintai/jnc_000084608082/,東急目黒線,武蔵小山駅,21
240,240,トレステージ目黒,賃貸マンション,東京都目黒区下目黒２,東急目黒線/武蔵小山駅 歩21分,20.0,地下2地上18階建,3階,21.4,0.0,42.8,21.4,1LDK,49.56,https://suumo.jp/chintai/jnc_000084129788/,東急目黒線,武蔵小山駅,21
241,241,トレステージ目黒,賃貸マンション,東京都目黒区下目黒２,東急目黒線/武蔵小山駅 歩21分,20.0,地下2地上18階建,2階,21.7,0.0,43.4,21.7,1LDK,52.25,https://suumo.jp/chintai/jnc_000084285411/,東急目黒線,武蔵小山駅,21
242,242,トレステージ目黒,賃貸マンション,東京都目黒区下目黒２,東急目黒線/武蔵小山駅 歩21分,20.0,地下2地上18階建,4階,21.8,0.0,43.6,21.8,1LDK,55.02,https://suumo.jp/chintai/jnc_000086292823/,東急目黒線,武蔵小山駅,21
243,243,トレステージ目黒,賃貸マンション,東京都目黒区下目黒２,東急目黒線/武蔵小山駅 歩21分,20.0,地下2地上18階建,4階,21.9,0.0,43.8,21.9,1LDK,52.25,https://suumo.jp/chintai/jnc_000084608083/,東急目黒線,武蔵小山駅,21
244,244,トレステージ目黒,賃貸マンション,東京都目黒区下目黒２,東急目黒線/武蔵小山駅 歩21分,20.0,地下2地上18階建,10階,22.2,0.0,44.4,22.2,1LDK,50.35,https://suumo.jp/chintai/jnc_000085347346/,東急目黒線,武蔵小山駅,21
245,245,トレステージ目黒,賃貸マンション,東京都目黒区下目黒２,東急目黒線/武蔵小山駅 歩21分,20.0,地下2地上18階建,13階,22.5,0.0,45.0,22.5,1LDK,50.35,https://suumo.jp/chintai/jnc_000086613957/,東急目黒線,武蔵小山駅,21
246,246,トレステージ目黒,賃貸マンション,東京都目黒区下目黒２,東急目黒線/武蔵小山駅 歩21分,20.0,地下2地上18階建,4階,23.0,0.0,46.0,23.0,1LDK,55.02,https://suumo.jp/chintai/jnc_000083031247/,東急目黒線,武蔵小山駅,21
247,247,トレステージ目黒,賃貸マンション,東京都目黒区下目黒２,東急目黒線/武蔵小山駅 歩21分,20.0,地下2地上18階建,16階,49.8,0.0,99.6,49.8,4LDK,118.0,https://suumo.jp/chintai/jnc_000086292822/,東急目黒線,武蔵小山駅,21
250,250,トレステージ目黒,賃貸マンション,東京都目黒区下目黒２,東急目黒線/武蔵小山駅 歩21分,20.0,地下2地上18階建,16階,51.7,0.0,103.4,51.7,4LDK,118.0,https://suumo.jp/chintai/jnc_000083991802/,東急目黒線,武蔵小山駅,21
